{"accuracy": [0.5797140598297119, 0.8548260927200317, 0.9120136499404907, 0.9372928142547607, 0.9540792107582092, 0.9642791152000427, 0.9704957604408264, 0.9756028056144714, 0.977978527545929, 0.9811224341392517], "loss": [1.4245516061782837, 0.45510321855545044, 0.2745802402496338, 0.1915101557970047, 0.13737636804580688, 0.1085091084241867, 0.08922088146209717, 0.07667559385299683, 0.06529059261083603, 0.05746177211403847], "val_accuracy": [0.8410539627075195, 0.9086614847183228, 0.9253357648849487, 0.919360339641571, 0.9400182366371155, 0.9552128314971924, 0.9632369875907898, 0.9621556997299194, 0.9660254716873169, 0.9475870728492737], "val_loss": [0.5152333974838257, 0.2839578092098236, 0.2396654337644577, 0.247902512550354, 0.18933913111686707, 0.14370951056480408, 0.11621766537427902, 0.12112361937761307, 0.12305866926908493, 0.1835748851299286]}